{
  "seed": 20260321,
  "requested_world_count": 88,
  "world_count": 1,
  "unique_world_count": 1,
  "active_families": [
    "carbon",
    "fuel",
    "scenario",
    "stochastic",
    "terrain",
    "toll"
  ],
  "state_catalog": [
    "nominal",
    "mildly_stale",
    "severely_stale",
    "low_confidence",
    "proxy",
    "refreshed"
  ],
  "state_weights": {
    "carbon": {
      "nominal": 0.37151191719025806,
      "mildly_stale": 0.1498457473659316,
      "severely_stale": 0.10892395982116437,
      "low_confidence": 0.09280829400418937,
      "proxy": 0.05562433180790127,
      "refreshed": 0.2212857498105554
    },
    "fuel": {
      "nominal": 0.37049813008133703,
      "mildly_stale": 0.1500182778726026,
      "severely_stale": 0.1095670074955682,
      "low_confidence": 0.09308831310432061,
      "proxy": 0.055720041089388404,
      "refreshed": 0.22110823035678318
    },
    "scenario": {
      "nominal": 0.36400269608180547,
      "mildly_stale": 0.1505833327158213,
      "severely_stale": 0.11453430358806556,
      "low_confidence": 0.09404456580273961,
      "proxy": 0.05232879192457856,
      "refreshed": 0.22450630988698952
    },
    "stochastic": {
      "nominal": 0.3521396184910487,
      "mildly_stale": 0.15314260573051877,
      "severely_stale": 0.12121185687249109,
      "low_confidence": 0.09815913502543679,
      "proxy": 0.05745322544142647,
      "refreshed": 0.21789355843907815
    },
    "terrain": {
      "nominal": 0.37589397334703084,
      "mildly_stale": 0.14853783461051537,
      "severely_stale": 0.10705204655974607,
      "low_confidence": 0.09077455637053657,
      "proxy": 0.051213223648223255,
      "refreshed": 0.22652836546394792
    },
    "toll": {
      "nominal": 0.34661025977094573,
      "mildly_stale": 0.15566571885974215,
      "severely_stale": 0.12210535027820309,
      "low_confidence": 0.10189438923376533,
      "proxy": 0.06884393161514342,
      "refreshed": 0.20488035024220028
    }
  },
  "ambiguity_context": {
    "od_ambiguity_index": 0.22,
    "od_ambiguity_confidence": 0.910497,
    "od_engine_disagreement_prior": 0.320992,
    "od_hard_case_prior": 0.31507,
    "od_ambiguity_source_count": 3,
    "od_ambiguity_source_mix": "{\"historical_results_bootstrap\":4,\"repo_local_geometry_backfill\":4,\"routing_graph_probe\":1}",
    "od_ambiguity_support_ratio": 0.921489,
    "od_ambiguity_source_mix_count": 3,
    "od_ambiguity_source_entropy": 0.878347,
    "od_ambiguity_prior_strength": 0.22,
    "od_ambiguity_family_density": 1.0,
    "od_ambiguity_margin_pressure": 0.0,
    "od_ambiguity_spread_pressure": 0.22,
    "od_ambiguity_toll_instability": 0.0,
    "od_candidate_path_count": 1,
    "od_corridor_family_count": 1,
    "od_objective_spread": 0.22,
    "od_nominal_margin_proxy": 1.0,
    "od_toll_disagreement_rate": 0.0,
    "ambiguity_budget_prior": 0.22,
    "ambiguity_budget_band": "medium"
  },
  "hard_case_stress_pack_count": 0,
  "supported_ambiguity_stress_pack_count": 0,
  "targeted_stress_pack_count": 0,
  "mixed_targeted_stress_pack_count": 0,
  "single_family_targeted_stress_pack_count": 0,
  "world_reuse_rate": 0.0,
  "stress_world_fraction": 0.0,
  "refc_stress_world_fraction": 0.0,
  "hard_case_stress_world_fraction": 0.0,
  "supported_ambiguity_stress_world_fraction": 0.0,
  "worlds": [
    {
      "world_id": "2a263ba47bec44cc1e375f5015bc7704a121bb21",
      "states": {
        "carbon": "severely_stale",
        "fuel": "refreshed",
        "scenario": "nominal",
        "stochastic": "nominal",
        "terrain": "mildly_stale",
        "toll": "severely_stale"
      },
      "stress_factor": 1.0,
      "world_kind": "sampled"
    }
  ],
  "manifest_hash": "8130194807e1f1a5801483c280a4799f03b6df24",
  "forced_refreshed_families": [],
  "selected_route_id": "route_0",
  "effective_world_count": 1,
  "world_count_policy": "single_frontier_shortcut"
}