iteration,action_id,kind,target,cost_search,cost_evidence,predicted_delta_certificate,predicted_delta_margin,predicted_delta_frontier,q_score,selected_route_id,selected_certificate
0,refine_top1_dccs:f845633b7e2af78fa56bd592b27cd089171d3a2f,refine_top1_dccs,f845633b7e2af78fa56bd592b27cd089171d3a2f,1,0,0.367912,0.204247,0.057147,0.280381,route_0,1.0
0,refine_topk_dccs:a818208235c3e42b8bae44f83191590923e862e5,refine_topk_dccs,a818208235c3e42b8bae44f83191590923e862e5,2,0,0.362662,0.197398,0.090026,0.140225,route_0,1.0
0,stop,stop,stop,0,0,0.0,0.0,0.0,0.0,route_0,1.0
1,refine_top1_dccs:eac48602573a8f45f8c14f9305a04d011538198c,refine_top1_dccs,eac48602573a8f45f8c14f9305a04d011538198c,1,0,0.377228,0.216398,0.086873,0.293467,route_0,1.0
1,refine_topk_dccs:4728a2850761d9a939e0de4dee3bfba8207b3c33,refine_topk_dccs,4728a2850761d9a939e0de4dee3bfba8207b3c33,2,0,0.367788,0.204037,0.105971,0.143789,route_0,1.0
1,stop,stop,stop,0,0,0.0,0.0,0.0,0.0,route_0,1.0
2,refine_top1_dccs:275ee8060edfad4f672e1dbfbefa537e97ed626f,refine_top1_dccs,275ee8060edfad4f672e1dbfbefa537e97ed626f,1,0,0.382162,0.213641,0.102887,0.29814,route_0,1.0
2,stop,stop,stop,0,0,0.0,0.0,0.0,0.0,route_0,1.0
3,stop,stop,stop,0,0,0.0,0.0,0.0,0.0,route_0,1.0
